id,focus,signal,slack,drag,confidence,score,lane,kind,invariant
g001,input pressure,64,62,35,35,275,ship,baseline,monotonic-signal
g002,state drift,98,75,43,79,485,ship,edge,drag-penalty
g003,review cost,30,14,28,68,144,watch,recovery,confidence-floor
g004,decision risk,44,21,43,62,127,watch,negative,lane-boundary
g005,input pressure,98,27,31,20,331,ship,baseline,monotonic-signal
g006,state drift,41,67,26,90,348,ship,edge,drag-penalty
g007,review cost,104,55,25,86,573,ship,recovery,confidence-floor
g008,decision risk,51,51,5,89,459,ship,negative,lane-boundary
g009,input pressure,72,52,18,52,406,ship,baseline,monotonic-signal
g010,state drift,42,55,5,81,415,ship,edge,drag-penalty
g011,review cost,30,59,21,100,333,ship,recovery,confidence-floor
g012,decision risk,116,28,30,28,426,ship,negative,lane-boundary
g013,input pressure,74,15,42,82,280,ship,baseline,monotonic-signal
g014,state drift,101,11,44,28,262,ship,edge,drag-penalty
g015,review cost,30,12,4,48,220,ship,recovery,confidence-floor
g016,decision risk,86,15,28,63,360,ship,negative,lane-boundary
g017,input pressure,73,19,20,32,294,ship,baseline,monotonic-signal
g018,state drift,70,58,39,64,329,ship,edge,drag-penalty
g019,review cost,116,10,8,41,526,ship,recovery,confidence-floor
g020,decision risk,55,24,15,34,261,ship,negative,lane-boundary
g021,input pressure,72,33,20,78,410,ship,baseline,monotonic-signal
g022,state drift,84,40,24,67,430,ship,edge,drag-penalty
g023,review cost,93,11,6,61,486,ship,recovery,confidence-floor
g024,decision risk,101,34,20,105,582,ship,negative,lane-boundary
g025,input pressure,109,46,28,89,566,ship,baseline,monotonic-signal
g026,state drift,116,22,13,85,613,ship,edge,drag-penalty
g027,review cost,35,12,28,88,200,ship,recovery,confidence-floor
g028,decision risk,42,10,16,51,210,ship,negative,lane-boundary
g029,input pressure,49,46,11,80,393,ship,baseline,monotonic-signal
g030,state drift,100,67,10,99,682,ship,edge,drag-penalty
g031,review cost,85,10,32,27,254,ship,recovery,confidence-floor
g032,decision risk,105,19,45,81,395,ship,negative,lane-boundary
g033,input pressure,51,26,32,27,150,watch,baseline,monotonic-signal
g034,state drift,71,32,6,47,412,ship,edge,drag-penalty
g035,review cost,85,72,15,62,533,ship,recovery,confidence-floor
g036,decision risk,51,60,27,31,251,ship,negative,lane-boundary
g037,input pressure,82,56,29,63,421,ship,baseline,monotonic-signal
g038,state drift,57,57,31,40,267,ship,edge,drag-penalty
g039,review cost,92,60,13,33,489,ship,recovery,confidence-floor
g040,decision risk,113,64,5,77,709,ship,negative,lane-boundary
g041,input pressure,83,33,24,66,410,ship,baseline,monotonic-signal
g042,state drift,71,20,35,60,269,ship,edge,drag-penalty
g043,review cost,69,16,42,104,306,ship,recovery,confidence-floor
g044,decision risk,115,17,5,88,645,ship,negative,lane-boundary
g045,input pressure,54,20,9,84,379,ship,baseline,monotonic-signal
g046,state drift,71,24,33,87,341,ship,edge,drag-penalty
g047,review cost,39,63,5,50,357,ship,recovery,confidence-floor
g048,decision risk,114,15,13,79,579,ship,negative,lane-boundary
g049,input pressure,111,29,40,98,498,ship,baseline,monotonic-signal
g050,state drift,69,38,13,26,339,ship,edge,drag-penalty
g051,review cost,96,45,43,80,419,ship,recovery,confidence-floor
g052,decision risk,113,16,38,26,346,ship,negative,lane-boundary
g053,input pressure,37,39,37,46,133,watch,baseline,monotonic-signal
g054,state drift,46,51,17,61,323,ship,edge,drag-penalty
g055,review cost,54,27,30,30,180,watch,recovery,confidence-floor
g056,decision risk,62,17,17,62,321,ship,negative,lane-boundary
g057,input pressure,69,15,33,39,219,ship,baseline,monotonic-signal
g058,state drift,76,51,42,32,260,ship,edge,drag-penalty
g059,review cost,83,72,12,76,568,ship,recovery,confidence-floor
g060,decision risk,90,15,14,65,450,ship,negative,lane-boundary
g061,input pressure,53,24,16,59,298,ship,baseline,monotonic-signal
g062,state drift,38,31,40,103,220,ship,edge,drag-penalty
g063,review cost,58,37,32,87,320,ship,recovery,confidence-floor
g064,decision risk,92,77,9,83,643,ship,negative,lane-boundary
g065,input pressure,112,65,20,86,650,ship,baseline,monotonic-signal
g066,state drift,38,61,27,49,237,ship,edge,drag-penalty
g067,review cost,92,62,32,78,488,ship,recovery,confidence-floor
g068,decision risk,35,65,36,97,284,ship,negative,lane-boundary
g069,input pressure,98,69,18,25,490,ship,baseline,monotonic-signal
g070,state drift,45,38,32,79,254,ship,edge,drag-penalty
g071,review cost,66,25,40,25,164,watch,recovery,confidence-floor
g072,decision risk,36,21,25,45,151,watch,negative,lane-boundary
g073,input pressure,112,22,40,60,412,ship,baseline,monotonic-signal
g074,state drift,110,25,28,29,408,ship,edge,drag-penalty
g075,review cost,68,29,23,61,337,ship,recovery,confidence-floor
g076,decision risk,95,68,22,38,482,ship,negative,lane-boundary
g077,input pressure,112,20,44,31,330,ship,baseline,monotonic-signal
g078,state drift,80,34,15,75,463,ship,edge,drag-penalty
g079,review cost,67,43,44,64,262,ship,recovery,confidence-floor
g080,decision risk,64,50,18,58,382,ship,negative,lane-boundary
g081,input pressure,110,21,27,102,551,ship,baseline,monotonic-signal
g082,state drift,49,44,39,86,261,ship,edge,drag-penalty
g083,review cost,66,56,41,82,335,ship,recovery,confidence-floor
g084,decision risk,78,32,43,85,331,ship,negative,lane-boundary
g085,input pressure,87,22,25,48,363,ship,baseline,monotonic-signal
g086,state drift,95,20,17,77,489,ship,edge,drag-penalty
g087,review cost,103,56,36,96,536,ship,recovery,confidence-floor
g088,decision risk,110,77,5,24,617,ship,negative,lane-boundary
g089,input pressure,117,20,12,78,604,ship,baseline,monotonic-signal
g090,state drift,36,29,17,24,165,watch,edge,drag-penalty
g091,review cost,43,36,21,44,227,ship,recovery,confidence-floor
g092,decision risk,94,42,45,59,353,ship,negative,lane-boundary
g093,input pressure,79,12,17,28,311,ship,baseline,monotonic-signal
g094,state drift,99,70,25,60,531,ship,edge,drag-penalty
g095,review cost,45,66,10,37,336,ship,recovery,confidence-floor
g096,decision risk,65,67,25,30,329,ship,negative,lane-boundary
